tool_slug,method,path,category,parent_scope,permission_evidence,doc_id,doc_url,contract_sha256
TIKTOK_ADS_GET_ASSET_BINDING_QUOTA,GET,/asset/bind/quota,Ad Account Management,1,direct_permission_table_mapping,1739659584022529,https://business-api.tiktok.com/portal/docs?id=1739659584022529,3fcb3f397a3351613c0566e63bbaba7de3d32282637ff265239d1c57711673d8
TIKTOK_ADS_LIST_BUSINESS_CENTER_ACCOUNT_COSTS,GET,/bc/account/cost/get,Ad Account Management,1,selected_export_category_plus_first_level_inheritance,1829079287639041,https://business-api.tiktok.com/portal/docs?id=1829079287639041,bb95d3c90164dfde1451600a11b89db203800624a3d24d6fb7f00cab4a60a7d9
TIKTOK_ADS_GET_BUSINESS_CENTER_ADVERTISER_ATTRIBUTES,GET,/bc/advertiser/attribute,Ad Account Management,1,selected_export_category_plus_first_level_inheritance,1775752357139457,https://business-api.tiktok.com/portal/docs?id=1775752357139457,6e5ee0ef6fec74745469193703d3fe1e480a4dd85994c777178bbbe224eb3765
TIKTOK_ADS_DISABLE_BUSINESS_CENTER_ADVERTISER,POST,/bc/advertiser/disable,Ad Account Management,1,direct_permission_table_mapping,1752349244331009,https://business-api.tiktok.com/portal/docs?id=1752349244331009,74d802fe5befc9bffbe400e6aa3d829a47780eb8ca0b07e0d1c6daeadeb675f8
TIKTOK_ADS_GET_ADVERTISER_QUALIFICATION,GET,/bc/advertiser/qualification/get,Ad Account Management,1,direct_permission_table_mapping,1770118680584194,https://business-api.tiktok.com/portal/docs?id=1770118680584194,c696bff72c963c956e3fa3f1b16b3a22044fee8fa930ec4275312e61a177c8e2
TIKTOK_ADS_CHECK_UNIONPAY_VERIFICATION_REQUIREMENT,GET,/bc/advertiser/unionpay_info/check,Ad Account Management,1,selected_export_category_plus_first_level_inheritance,1813772238056449,https://business-api.tiktok.com/portal/docs?id=1813772238056449,9aa9453f4ca7342bccd5118164e4ff74a4d25f47e821603ee6ee891b2075d1a2
TIKTOK_ADS_ASSIGN_TIKTOK_ACCOUNT_TO_ADVERTISER,POST,/bc/asset/advertiser/assign,Ad Account Management,1,selected_export_category_plus_first_level_inheritance,1846868953025538,https://business-api.tiktok.com/portal/docs?id=1846868953025538,9d5688fc93f8886ebff538627510616da9010fd22a71ed365089135562ef2faf
TIKTOK_ADS_LIST_ADVERTISER_ASSIGNED_TIKTOK_ACCOUNTS,GET,/bc/asset/advertiser/assigned,Ad Account Management,1,selected_export_category_plus_first_level_inheritance,1855027294743554,https://business-api.tiktok.com/portal/docs?id=1855027294743554,78ccb6a44226bf235871b3fbc6ab01bbd7fd4810e5dcb7db3a8ffe1ff60d7bb5
TIKTOK_ADS_UNASSIGN_TIKTOK_ACCOUNT_FROM_ADVERTISER,POST,/bc/asset/advertiser/unassign,Ad Account Management,1,selected_export_category_plus_first_level_inheritance,1855027260369921,https://business-api.tiktok.com/portal/docs?id=1855027260369921,144f681a3297baaada563d9d5eda0f8bca818907b32033bff88779f898ac3b80
TIKTOK_ADS_CREATE_BUSINESS_CENTER_ORGANIZATION_ACCOUNT,POST,/bc/oa/create,Ad Account Management,1,selected_export_category_plus_first_level_inheritance,1855027199571138,https://business-api.tiktok.com/portal/docs?id=1855027199571138,389a68abe879bb1eff17310de35eab0f38306a46d45cf39c87c87acca88c838f
TIKTOK_ADS_GET_BID_PROTECTION_DETAILS,GET,/report/bid_protection/detail/get,Ad Account Management,1,selected_export_category_plus_first_level_inheritance,1874392516418561,https://business-api.tiktok.com/portal/docs?id=1874392516418561,a1424d681dc7fa60f809838d01eb0bd5ac73c3b4dcdfc9c984a86b3229b4cbb4
TIKTOK_ADS_GET_BID_PROTECTION_STATUSES,GET,/report/bid_protection/status/get,Ad Account Management,1,selected_export_category_plus_first_level_inheritance,1874392512912449,https://business-api.tiktok.com/portal/docs?id=1874392512912449,ed5e55d9c8199fd5781e3b047ede949fda63237bb7c41d821c7e911ae0d5cc62
TIKTOK_ADS_BUSINESS_SPARK_AD_CREATE,POST,/business/spark_ad/create,Ads Management,2,selected_export_category_plus_first_level_inheritance,1829744071179330,https://business-api.tiktok.com/portal/docs?id=1829744071179330,e79299d9800b72d9552be44b3ef51c2755550987aec87225d8e739c18028a3d2
TIKTOK_ADS_CAMPAIGN_GMV_MAX_CREATIVE_UPDATE,POST,/campaign/gmv_max/creative/update,Ads Management,2,selected_export_category_plus_first_level_inheritance,1861260625563202,https://business-api.tiktok.com/portal/docs?id=1861260625563202,9d077f9afc9adc49cb4969945311060291576b4bf3b709d8e5a4a5506d6acdf0
TIKTOK_ADS_CAMPAIGN_GMV_MAX_SESSION_CREATE,POST,/campaign/gmv_max/session/create,Ads Management,2,selected_export_category_plus_first_level_inheritance,1835246967275522,https://business-api.tiktok.com/portal/docs?id=1835246967275522,3eccc89ae52262794735982b3019865576fd5462805dbe9f22efbb6bae3d83b3
TIKTOK_ADS_CAMPAIGN_GMV_MAX_SESSION_DELETE,POST,/campaign/gmv_max/session/delete,Ads Management,2,selected_export_category_plus_first_level_inheritance,1835246983475217,https://business-api.tiktok.com/portal/docs?id=1835246983475217,787506a4cf488f817f2dceef7b33fa6c0297c73ea56b596fb9a58c10f479ff75
TIKTOK_ADS_CAMPAIGN_GMV_MAX_SESSION_GET,GET,/campaign/gmv_max/session/get,Ads Management,2,selected_export_category_plus_first_level_inheritance,1835247031331842,https://business-api.tiktok.com/portal/docs?id=1835247031331842,961501f7635a62eee76b4a9ec9e95a793b1dd9bb5a1de53b610791f8462bb20a
TIKTOK_ADS_CAMPAIGN_GMV_MAX_SESSION_LIST,GET,/campaign/gmv_max/session/list,Ads Management,2,selected_export_category_plus_first_level_inheritance,1835246996436162,https://business-api.tiktok.com/portal/docs?id=1835246996436162,998acd282c3928c7d14832003656d9ad53e315cee1431a3930af9c08886d65a4
TIKTOK_ADS_CAMPAIGN_GMV_MAX_SESSION_UPDATE,POST,/campaign/gmv_max/session/update,Ads Management,2,selected_export_category_plus_first_level_inheritance,1835247009119233,https://business-api.tiktok.com/portal/docs?id=1835247009119233,159adc3e85e3aaf75bb562f78d5c581bff3e985e5129d353e9e069a1b69663b8
TIKTOK_ADS_CAMPAIGN_QUOTA_INFO,GET,/campaign/quota/info,Ads Management,2,direct_permission_table_mapping,1752256376677378,https://business-api.tiktok.com/portal/docs?id=1752256376677378,1cd0ea930fb7ab3202ef283c684c53e3b973dbdb166efa49740b50dfd4a96032
TIKTOK_ADS_CAMPAIGN_LABEL_GET,GET,/campaign_label/get,Ads Management,2,selected_export_category_plus_first_level_inheritance,1851286489283585,https://business-api.tiktok.com/portal/docs?id=1851286489283585,0bde24742221001cfd5a8d482415fe1bd4cd055c3b5b7e200619c398e24579ab
TIKTOK_ADS_CHANGELOG_GET,GET,/changelog/get,Ads Management,2,selected_export_category_plus_first_level_inheritance,1820767460168705,https://business-api.tiktok.com/portal/docs?id=1820767460168705,d962772a9cea251318e89d38e28f17d0363bc3defeb0fa35ece67676e1ab8b07
TIKTOK_ADS_CHANGELOG_TASK_DOWNLOAD,GET,/changelog/task/download,Ads Management,2,direct_permission_table_mapping,1739924165710849,https://business-api.tiktok.com/portal/docs?id=1739924165710849,956a76be30cb405032c42d583c2d99dbeea9403ad84ef03e2080f475f08d6d0a
TIKTOK_ADS_GMV_MAX_CREATION_CUSTOM_ANCHOR_VIDEO_LIST_DELETE,POST,/gmv_max/creation/custom_anchor_video_list/delete,Ads Management,2,selected_export_category_plus_first_level_inheritance,1866513159202306,https://business-api.tiktok.com/portal/docs?id=1866513159202306,9e47aea82633f962e1b1aa351069ee60a70379158b2feec99946da4aa4c5572b
TIKTOK_ADS_GMV_MAX_CREATION_CUSTOM_ANCHOR_VIDEO_LIST_GET,POST,/gmv_max/creation/custom_anchor_video_list/get,Ads Management,2,selected_export_category_plus_first_level_inheritance,1866513156712449,https://business-api.tiktok.com/portal/docs?id=1866513156712449,aaa6a9a44e867cf77c783ad28377f465162f02a8c955cffe7ce0617a51db15dc
TIKTOK_ADS_GMV_MAX_EXCLUSIVE_AUTHORIZATION_GET,GET,/gmv_max/exclusive_authorization/get,Ads Management,2,selected_export_category_plus_first_level_inheritance,1822001184635905,https://business-api.tiktok.com/portal/docs?id=1822001184635905,5e374d4fbc38767cb9d30d1a0409df85f01b69bdbd84b5a7c3388e94d5a2feb3
TIKTOK_ADS_GMV_MAX_IDENTITY_GET,GET,/gmv_max/identity/get,Ads Management,2,selected_export_category_plus_first_level_inheritance,1822001101474882,https://business-api.tiktok.com/portal/docs?id=1822001101474882,dfa82f27673dc8e08fc532f1b72dd7f6d9c53474e520356f24a5a34e7db46479
TIKTOK_ADS_GMV_MAX_OCCUPIED_CUSTOM_SHOP_ADS_LIST,GET,/gmv_max/occupied_custom_shop_ads/list,Ads Management,2,selected_export_category_plus_first_level_inheritance,1822001136924674,https://business-api.tiktok.com/portal/docs?id=1822001136924674,633ec0ed19c4175cd4a83e4957ea797eecf2468dfc920537ab88561f5601a0c3
TIKTOK_ADS_GMV_MAX_STORE_LIST,GET,/gmv_max/store/list,Ads Management,2,selected_export_category_plus_first_level_inheritance,1822001044479041,https://business-api.tiktok.com/portal/docs?id=1822001044479041,5fd083b5cf4fe023c7e1f1a95985c205115aa39f0990b84223acfb74610f8081
TIKTOK_ADS_GMV_MAX_STORE_SHOP_AD_USAGE_CHECK,GET,/gmv_max/store/shop_ad_usage_check,Ads Management,2,selected_export_category_plus_first_level_inheritance,1822001084174338,https://business-api.tiktok.com/portal/docs?id=1822001084174338,a21b20096df419e79a25f3a4d0cbc4e0fdcafa27aeb41a45dbd7fb34c8a40c5c
TIKTOK_ADS_GMV_MAX_VIDEO_GET,GET,/gmv_max/video/get,Ads Management,2,selected_export_category_plus_first_level_inheritance,1822001168512129,https://business-api.tiktok.com/portal/docs?id=1822001168512129,206057c962ca308160135fbcb9eb43f9411f3b4322c0f755f8103f75b937245a
TIKTOK_ADS_SEARCH_AD_NEGATIVE_KEYWORD_ADD,POST,/search_ad/negative_keyword/add,Ads Management,2,direct_permission_table_mapping,1775104895291393,https://business-api.tiktok.com/portal/docs?id=1775104895291393,c2676d4825e315a97398d6ad00e1c14ada161436e9cd7c755c7a639064b519a1
TIKTOK_ADS_SEARCH_AD_NEGATIVE_KEYWORD_DELETE,POST,/search_ad/negative_keyword/delete,Ads Management,2,direct_permission_table_mapping,1775104910010369,https://business-api.tiktok.com/portal/docs?id=1775104910010369,477bd35e4df4aa8de417a7b2f3740783a67d386e74a77010656021bb503278f1
TIKTOK_ADS_SEARCH_AD_NEGATIVE_KEYWORD_GET,GET,/search_ad/negative_keyword/get,Ads Management,2,direct_permission_table_mapping,1775104887052289,https://business-api.tiktok.com/portal/docs?id=1775104887052289,cb6c5ab08776ac8d0e6f1a3471c2f26408bf11dc1745e6a42f74a30867155d86
TIKTOK_ADS_SHOWCASE_IDENTITY_GET,GET,/showcase/identity/get,Ads Management,2,direct_permission_table_mapping,1759233549899778,https://business-api.tiktok.com/portal/docs?id=1759233549899778,d508b8237854da58393fd458aa976cea01333713220ca87f0aabb789548033cb
TIKTOK_ADS_SHOWCASE_PRODUCT_GET,GET,/showcase/product/get,Ads Management,2,direct_permission_table_mapping,1759233576199169,https://business-api.tiktok.com/portal/docs?id=1759233576199169,e7036d54deb4ebca33282e6eecded98c7eae258c236dbb4a56929471bb6c517f
TIKTOK_ADS_SHOWCASE_REGION_GET,GET,/showcase/region/get,Ads Management,2,direct_permission_table_mapping,1759233561597954,https://business-api.tiktok.com/portal/docs?id=1759233561597954,ff69b373cb153d23621c00fc0e22da3ab46ffb08d9bcf10906f0b295044def07
TIKTOK_ADS_SMART_PLUS_ADGROUP_BUDGET_UPDATE,POST,/smart_plus/adgroup/budget/update,Ads Management,2,selected_export_category_plus_first_level_inheritance,1843314914438466,https://business-api.tiktok.com/portal/docs?id=1843314914438466,6517dfda5ef0e0d349247f1f7b72f59b7e26b785cdf9af729e8b5e7843e1b8f6
TIKTOK_ADS_SMART_PLUS_CAMPAIGN_COPY_TASK_CHECK,GET,/smart_plus/campaign/copy/task/check,Ads Management,2,selected_export_category_plus_first_level_inheritance,1866529943741441,https://business-api.tiktok.com/portal/docs?id=1866529943741441,690f7bf9b4a7792726096bccc67c80047e2b336d6513ac6d3d6cb27619f28702
TIKTOK_ADS_SMART_PLUS_CAMPAIGN_COPY_TASK_CREATE,POST,/smart_plus/campaign/copy/task/create,Ads Management,2,selected_export_category_plus_first_level_inheritance,1866528879472641,https://business-api.tiktok.com/portal/docs?id=1866528879472641,92e9dd7c171d932434ac0ebff41040a392df3bf2be9de61d8b7d96ab99073a6c
TIKTOK_ADS_CREATIVE_ASSET_DELETE,POST,/creative/asset/delete,Creative Management,6,selected_export_category_plus_first_level_inheritance,1797202997456897,https://business-api.tiktok.com/portal/docs?id=1797202997456897,0bd58a90ee28e07e62569743faa2a8525013424eae95c0171ead81ca7565619c
TIKTOK_ADS_CREATIVE_AUTO_MESSAGE_CREATE,POST,/creative/auto_message/create,Creative Management,6,selected_export_category_plus_first_level_inheritance,1822106113771521,https://business-api.tiktok.com/portal/docs?id=1822106113771521,69793b0c21b4049a85a1a165528cfe9c8ba214224eb7b773acef344c1e605e54
TIKTOK_ADS_CREATIVE_AUTO_MESSAGE_GET,GET,/creative/auto_message/get,Creative Management,6,selected_export_category_plus_first_level_inheritance,1822106498804738,https://business-api.tiktok.com/portal/docs?id=1822106498804738,07038c4d2be4473295ad139d763c403bdfc1d2973599d0452795c9fb3c9ebcf2
TIKTOK_ADS_CREATIVE_PRE_REVIEW_TASK_CREATE,POST,/creative/pre_review/task/create,Creative Management,6,selected_export_category_plus_first_level_inheritance,1874110632584577,https://business-api.tiktok.com/portal/docs?id=1874110632584577,329b6d2fdb16acc3c146a1fdddba0294a5a57021d4debb19def06659a1a22723
TIKTOK_ADS_CREATIVE_PRE_REVIEW_TASK_GET,GET,/creative/pre_review/task/get,Creative Management,6,selected_export_category_plus_first_level_inheritance,1874110636550082,https://business-api.tiktok.com/portal/docs?id=1874110636550082,18d77a2b51c4b2ee97866a07bb7bf52f9bfc34ca433563b31991b01a77447ca2
TIKTOK_ADS_DISCOVERY_CML_TRENDING_LIST,GET,/discovery/cml/trending_list,Creative Management,6,selected_export_category_plus_first_level_inheritance,1825119063013505,https://business-api.tiktok.com/portal/docs?id=1825119063013505,fd021b078d09ea4c05a81fd64f59b01208f0759c602faf5deda715359fdec8dc
TIKTOK_ADS_DISCOVERY_CML_VIDEO_LIST,GET,/discovery/cml/video_list,Creative Management,6,selected_export_category_plus_first_level_inheritance,1825119068941314,https://business-api.tiktok.com/portal/docs?id=1825119068941314,23d62c742a1f6621e05c6dc9561503e6e565765d8b179727a258b812d29a0d45
TIKTOK_ADS_DISCOVERY_TRENDING_SEARCH,GET,/discovery/trending/search,Creative Management,6,selected_export_category_plus_first_level_inheritance,1832798345014338,https://business-api.tiktok.com/portal/docs?id=1832798345014338,1372cc3165cff55d0688cf5dbd3587b78b35f261b325abb0e0eb8348ba71c199
TIKTOK_ADS_DISCOVERY_TRENDING_SEARCH_KEYWORD,GET,/discovery/trending/search/keyword,Creative Management,6,selected_export_category_plus_first_level_inheritance,1832798361818114,https://business-api.tiktok.com/portal/docs?id=1832798361818114,7b1912a7b62cba22088556317127d488e00a1e9dfaf798778b395ba1f6cc84d9
TIKTOK_ADS_FILE_NAME_CHECK,GET,/file/name/check,Creative Management,6,selected_export_category_plus_first_level_inheritance,1759130033155073,https://business-api.tiktok.com/portal/docs?id=1759130033155073,8cf8524f4c20e352dbe63042984da72f9d6a2b47d3faca25f47e3ac10427f725
TIKTOK_ADS_SMART_PLUS_AD_PREVIEW,POST,/smart_plus/ad/preview,Creative Management,6,selected_export_category_plus_first_level_inheritance,1843317445798914,https://business-api.tiktok.com/portal/docs?id=1843317445798914,a2e1f35b5c18fb30fef25b223d714209f509f2cbfb6ed9a48835615e28d7882f
TIKTOK_ADS_VIDEO_FIX_TASK_CREATE,POST,/video/fix/task/create,Creative Management,6,direct_permission_table_mapping,1741468875279361,https://business-api.tiktok.com/portal/docs?id=1741468875279361,b7189d9b691d363e2d02f9b396d592fc899ad1aefc90976994a6fce15c39819d
TIKTOK_ADS_VIDEO_FIX_TASK_GET,GET,/video/fix/task/get,Creative Management,6,direct_permission_table_mapping,1741469487859714,https://business-api.tiktok.com/portal/docs?id=1741469487859714,db0ece5e9ada2fb7dffa2ef2a12ac49b9852160ab2da0718f020ae2f4fdee2a8
TIKTOK_ADS_CATALOG_INSIGHT_PRODUCT_GET,GET,/catalog/insight/product/get,DPA Catalog Management,9,selected_export_category_plus_first_level_inheritance,1805640886872066,https://business-api.tiktok.com/portal/docs?id=1805640886872066,8d997a4bf89661ceb30c794a08020d416827c69e0399669f18f79972d20f784e
TIKTOK_ADS_CATALOG_SET_UPLOAD,POST,/catalog/set/upload,DPA Catalog Management,9,selected_export_category_plus_first_level_inheritance,1846770644217858,https://business-api.tiktok.com/portal/docs?id=1846770644217858,44256152228005bc37ef2d50e1b041953edde9575866321a3b5c6127153bbcd9
TIKTOK_ADS_CATALOG_VIDEO_FILE,POST,/catalog/video/file,DPA Catalog Management,9,selected_export_category_plus_first_level_inheritance,1803655037415489,https://business-api.tiktok.com/portal/docs?id=1803655037415489,56f110b548398f7257469a4e67eb172d068c9d5c6107f53278bc13af79740227
TIKTOK_ADS_CATALOG_VIDEO_GET,GET,/catalog/video/get,DPA Catalog Management,9,selected_export_category_plus_first_level_inheritance,1803655082498050,https://business-api.tiktok.com/portal/docs?id=1803655082498050,181c80df54aa42247a05dd7a9c44760421e304353af40355f7ae98e59148e9e7
TIKTOK_ADS_DIAGNOSTIC_CATALOG,GET,/diagnostic/catalog,DPA Catalog Management,9,direct_permission_table_mapping,1771117232728066,https://business-api.tiktok.com/portal/docs?id=1771117232728066,fba7db5edd98934e15bf79dfbde0b1370b854ea5b5ec62f0f679f53f93e2d50c
TIKTOK_ADS_DIAGNOSTIC_CATALOG_PRODUCT_TASK_CREATE,POST,/diagnostic/catalog/product/task/create,DPA Catalog Management,9,selected_export_category_plus_first_level_inheritance,1771117279175682,https://business-api.tiktok.com/portal/docs?id=1771117279175682,e607f404d890626f71027c07f1289b6a15c3ee5c7df8693c65938477b2e74c90
TIKTOK_ADS_DIAGNOSTIC_CATALOG_PRODUCT_TASK_GET,GET,/diagnostic/catalog/product/task/get,DPA Catalog Management,9,selected_export_category_plus_first_level_inheritance,1771117294731266,https://business-api.tiktok.com/portal/docs?id=1771117294731266,f24df2e0e8cb2a7c0570010cb7eb5d1cc377dd52ab923e29c7c44a59e9101622
TIKTOK_ADS_CREATIVE_FATIGUE_GET,GET,/creative_fatigue/get,Reporting,4,direct_permission_table_mapping,1767568466842626,https://business-api.tiktok.com/portal/docs?id=1767568466842626,6117eb0c814fc85b57770a4508d8f82d508f335ab64f8e43a02b65bbdc7b4672
TIKTOK_ADS_REPORT_AD_BENCHMARK_GET,GET,/report/ad_benchmark/get,Reporting,4,direct_permission_table_mapping,1738824501176321,https://business-api.tiktok.com/portal/docs?id=1738824501176321,fb0cdb7cde507263ec2c08973f297e9632a75f48deeed608376a8c2c97c4115f
TIKTOK_ADS_REPORT_VIDEO_PERFORMANCE_GET,GET,/report/video_performance/get,Reporting,4,direct_permission_table_mapping,1738825259075586,https://business-api.tiktok.com/portal/docs?id=1738825259075586,69b9e6a3040ca5480e586ea2cf04e90846b9de5be21ff6162240cc2cedc632f3
